"customer_id","order_id","order_timestamp","order_number"
1,1,"2024-01-15 10:30:00","1"
1,4,"2024-04-05 12:15:00","2"
2,2,"2024-02-03 14:20:00","1"
3,3,"2024-03-12 08:45:00","1"
4,5,"2024-05-10 09:00:00","1"
5,6,"2024-06-01 13:10:00","1"
6,7,"2024-07-15 16:00:00","1"
7,8,"2024-08-07 11:30:00","1"
8,9,"2024-09-12 08:00:00","1"
9,10,"2024-10-01 07:45:00","1"
10,11,"2024-11-20 12:00:00","1"
11,12,"2025-01-03 10:15:00","1"
12,13,"2025-03-01 09:20:00","1"
