"order_id","total_amount","sales_quartile"
12,"259.98",1
3,"210.75",1
13,"150.00",1
1,"120.50",1
8,"119.97",2
5,"79.99",2
2,"75.25",2
9,"63.96",3
10,"51.00",3
4,"50.00",3
6,"29.98",4
11,"24.10",4
7,"19.99",4
